<?xml version="1.0" encoding="utf-8" standalone="yes"?>
<rss version="2.0" xmlns:atom="http://www.w3.org/2005/Atom">
  <channel>
    <title>شركة العالمية للتعدين | GMC</title>
    <link>https://gmc-eg.com/ar/</link>
    <description>Recent content on شركة العالمية للتعدين | GMC</description>
    <generator>Hugo</generator>
    <language>ar</language>
    <atom:link href="https://gmc-eg.com/ar/index.xml" rel="self" type="application/rss+xml" />
    <item>
      <title>كربونات كالسيوم</title>
      <link>https://gmc-eg.com/ar/products/calcium-carbonate-natural/</link>
      <pubDate>Mon, 01 Jan 0001 00:00:00 +0000</pubDate>
      <guid>https://gmc-eg.com/ar/products/calcium-carbonate-natural/</guid>
      <description>&lt;h1 id=&#34;كربونات-الكالسيوم-الطبيعي-&#34;&gt;كربونات الكالسيوم الطبيعي :&lt;/h1&gt;&#xA;&lt;h2 id=&#34;هـي-مـادة-طبيعية-بيضاء-بياض-عـالي-النقاء--منتقـاه-من-أجود-أنواع-الحجر-الجيري-والـرخام--ويتـم-إنتاجها-بدرجات-نعومه-ومقاسات-مختلفة&#34;&gt;هـي مـادة طبيعية بيضاء بياض عـالي النقاء ، منتقـاه من أجود أنواع الحجر الجيري والـرخام ، ويتـم إنتاجها بدرجات نعومه ومقاسات مختلفة&lt;/h2&gt;&#xA;&lt;h3 id=&#34;ومتنوعة-إبتداء-من-5-ميكرون-إلى-10-سم-حسب-طلب-العميل--ويتم-تعبئتها-في-عبوات-متنوعة-وأشكال-مختلفة-منها--أكياس-بلاستيكية-معزولة-بطبقة-خارجية-تمنع-تسريب-الماء-وأكياس-بلاستيكية-منسوجة-وأكياس-ورقية-25-كيلو-جرام--وعبوات-جامبو-كبيرة-1000---1500-كجم--كما-أنه-متاح-لدينا-تعبئتها-مباشرة-في-شاحنات-سايلو-أو-بالكرات-حسب-طلب-العميل&#34;&gt;ومتنوعة إبتداء من 5 ميكرون إلى 10 سم حسب طلب العميل ، ويتم تعبئتها في عبوات متنوعة وأشكال مختلفة منها : أكياس بلاستيكية معزولة بطبقة خارجية تمنع تسريب الماء وأكياس بلاستيكية منسوجة وأكياس ورقية 25 كيلو جرام ، وعبوات جامبو كبيرة 1000 - 1500 كجم ، كما أنه متاح لدينا تعبئتها مباشرة في شاحنات سايلو أو بالكرات حسب طلب العميل&lt;/h3&gt;&#xA;&lt;h3 id=&#34;تدخل-كربونات-الكالسيوم-في-صناعات-عديدة-كمادة-مالئه-وغيرها-&#34;&gt;تدخل كربونات الكالسيوم في صناعات عديدة كمادة مالئه وغيرها :&lt;/h3&gt;&#xA;&lt;ul&gt;&#xA;&lt;li&gt;الدهانات بأنواعها الداخلية والخارجية - العوازل - المواد اللاصقة والغراء&lt;/li&gt;&#xA;&lt;li&gt;جميع منتجات البلاستيك مثل : الكابلات - صناعات البي في سي بجميع أنواعها&lt;/li&gt;&#xA;&lt;li&gt;صناعة الأسمدة والأعلاف&lt;/li&gt;&#xA;&lt;li&gt;صناعة المطاط&lt;/li&gt;&#xA;&lt;li&gt;الصناعات الزجاجية&lt;/li&gt;&#xA;&lt;li&gt;صناعة السيراميك&lt;/li&gt;&#xA;&lt;li&gt;الصناعات الغذائية والدوائية&lt;/li&gt;&#xA;&lt;/ul&gt;</description>
    </item>
    <item>
      <title> كربونات الكالسيوم المعالجة</title>
      <link>https://gmc-eg.com/ar/products/calcium-carbonate-coated/</link>
      <pubDate>Mon, 01 Jan 0001 00:00:00 +0000</pubDate>
      <guid>https://gmc-eg.com/ar/products/calcium-carbonate-coated/</guid>
      <description>&lt;h1 id=&#34;كربونات-الكالسيوم-المعالجة&#34;&gt;كربونات الكالسيوم المعالجة:&lt;/h1&gt;&#xA;&lt;h2 id=&#34;تم-إنتاجه-عن-طريق-معالجة-كربونات-الكالسيوم-المتبلورة-الدقيقة-الطبيعية-ثم-تم-معالجتها-بمادة-تجعلها-غير-قابلة-للذوبان-في-الماء-من-خلال-مزج-ترسيبات-الطباشير-المحددة-عالية-النقاء-ينتج-منتج-أبيض-وناعم-للغاية-يتميز-بسطوع-استثنائي-ونعومة-الطحن-وامتصاص-الزيت-المنخفض-والتكلفة&#34;&gt;تم إنتاجه عن طريق معالجة كربونات الكالسيوم المتبلورة الدقيقة الطبيعية، ثم تم معالجتها بمادة تجعلها غير قابلة للذوبان في الماء. من خلال مزج ترسيبات الطباشير المحددة عالية النقاء ينتج منتج أبيض وناعم للغاية. يتميز بسطوع استثنائي، ونعومة الطحن، وامتصاص الزيت المنخفض والتكلفة.&lt;/h2&gt;&#xA;&lt;h3 id=&#34;يستخدم-كربونات-الكالسيوم-المعالجة-في-مجموعة-متنوعة-من-الصناعات&#34;&gt;يُستخدم كربونات الكالسيوم المعالجة في مجموعة متنوعة من الصناعات:&lt;/h3&gt;&#xA;&lt;ul&gt;&#xA;&lt;li&gt;البلاستيك.&lt;/li&gt;&#xA;&lt;li&gt;أنابيب PVC.&lt;/li&gt;&#xA;&lt;li&gt;الطلاء.&lt;/li&gt;&#xA;&lt;li&gt;الحقيبة المنسوجة.&lt;/li&gt;&#xA;&lt;li&gt;الورق.&lt;/li&gt;&#xA;&lt;li&gt;المطاط&lt;/li&gt;&#xA;&lt;/ul&gt;</description>
    </item>
    <item>
      <title>الكاولين</title>
      <link>https://gmc-eg.com/ar/products/kaolin/</link>
      <pubDate>Mon, 01 Jan 0001 00:00:00 +0000</pubDate>
      <guid>https://gmc-eg.com/ar/products/kaolin/</guid>
      <description>&lt;h1 id=&#34;الكاولين-المادة-المعدنية-المتعددة-الاستخدامات&#34;&gt;الكاولين: المادة المعدنية المتعددة الاستخدامات&lt;/h1&gt;&#xA;&lt;p&gt;الكاولين هو معدن رمادي أو أبيض اللون ينتمي إلى مجموعة المعادن الطينية. وهو عبارة عن خام يتكون أساسًا من معدن الكاولينيت، ويوجد في العديد من الدول حول العالم بكميات كبيرة، مثل الصين والولايات المتحدة والبرازيل وروسيا وغيرها. يستخدم الكاولين في مجموعة متنوعة من الصناعات بسبب خصائصه الفريدة وقدرته على التكيف مع العديد من التطبيقات.&lt;/p&gt;&#xA;&lt;h2 id=&#34;الخصائص-والاستخدامات&#34;&gt;الخصائص والاستخدامات&lt;/h2&gt;&#xA;&lt;h3 id=&#34;1-الخصائص-الفيزيائية-والكيميائية&#34;&gt;1. الخصائص الفيزيائية والكيميائية&lt;/h3&gt;&#xA;&lt;ul&gt;&#xA;&lt;li&gt;الكاولين لديه بنية ناعمة ولينة، ويمتاز بأنه غير قابل للذوبان في الماء.&lt;/li&gt;&#xA;&lt;li&gt;يتميز باللون الأبيض النقي، مما يجعله مادة مثالية للاستخدامات التي تتطلب لونًا أبيضًا نقيًا.&lt;/li&gt;&#xA;&lt;li&gt;لديه قدرة عالية على امتصاص الماء، مما يجعله مادة ممتازة للاستخدام في صناعة الورق والألوان ومستحضرات التجميل.&lt;/li&gt;&#xA;&lt;/ul&gt;&#xA;&lt;h3 id=&#34;2-الاستخدامات-في-الصناعات-المختلفة&#34;&gt;2. الاستخدامات في الصناعات المختلفة&lt;/h3&gt;&#xA;&lt;h4 id=&#34;أ-صناعة-الورق&#34;&gt;أ) صناعة الورق:&lt;/h4&gt;&#xA;&lt;p&gt;يستخدم الكاولين في صناعة الورق لزيادة سطوع وشفافية الورق وتحسين قدرته على استيعاب الحبر. كما يعمل الكاولين على تعزيز خصائص الورق مثل مقاومته للتمزق والتجعد، وبالتالي يساعد على تحسين جودة الورق النهائي.&lt;/p&gt;</description>
    </item>
    <item>
      <title>الجبس</title>
      <link>https://gmc-eg.com/ar/products/gypsum/</link>
      <pubDate>Mon, 01 Jan 0001 00:00:00 +0000</pubDate>
      <guid>https://gmc-eg.com/ar/products/gypsum/</guid>
      <description>&lt;h2 id=&#34;الوصف&#34;&gt;الوصف&lt;/h2&gt;&#xA;&lt;h3 id=&#34;الجبس-هو-معدن-كبريتاتي-ناعم-يتكون-من-كبريتات-الكالسيوم-الثنائي-المائي-بالصيغة-الكيميائية-caso42h2o-يتميز-بالخصائص-التالية&#34;&gt;الجبس هو معدن كبريتاتي ناعم يتكون من كبريتات الكالسيوم الثنائي المائي، بالصيغة الكيميائية CaSO4·2H2O. يتميز بالخصائص التالية:&lt;/h3&gt;&#xA;&lt;ul&gt;&#xA;&lt;li&gt;&lt;strong&gt;اللون :&lt;/strong&gt; يتراوح من عديم اللون إلى الأبيض؛ وقد يظهر أيضًا بألوان مثل الأصفر، والبني، والأزرق، والوردي، والبني الأحمر، أو الرمادي بسبب الشوائب.&lt;/li&gt;&#xA;&lt;li&gt;&lt;strong&gt;صلابة مقياس موس :&lt;/strong&gt; 1.5–2&lt;/li&gt;&#xA;&lt;li&gt;&lt;strong&gt;لمعان :&lt;/strong&gt; يتراوح بين زجاجي إلى حريري، لؤلؤي، أو شمعي.&lt;/li&gt;&#xA;&lt;li&gt;&lt;strong&gt;خط :&lt;/strong&gt; يترك خطًا أبيضًا عند الخدش.&lt;/li&gt;&#xA;&lt;li&gt;&lt;strong&gt;الكثافة النوعية :&lt;/strong&gt; تتراوح بين 2.31 و 2.33&lt;/li&gt;&#xA;&lt;li&gt;&lt;strong&gt;قابلية الانصهار :&lt;/strong&gt; ينصهر عند تصنيف 5 على مقياس الصلادة.&lt;/li&gt;&#xA;&lt;li&gt;&lt;strong&gt;قابلية الذوبانية :&lt;/strong&gt; يذوب بشكل معتدل في حمض الهيدروكلوريك المخفف والساخن (HCl).&lt;/li&gt;&#xA;&lt;/ul&gt;&#xA;&lt;p&gt;يُستخدم الجبس في مختلف الصناعات بسبب خصائصه وتركيبته المميزة.&lt;/p&gt;</description>
    </item>
    <item>
      <title>بنتونيت</title>
      <link>https://gmc-eg.com/ar/products/bentonite/</link>
      <pubDate>Mon, 01 Jan 0001 00:00:00 +0000</pubDate>
      <guid>https://gmc-eg.com/ar/products/bentonite/</guid>
      <description>&lt;h2 id=&#34;الوصف&#34;&gt;الوصف&lt;/h2&gt;&#xA;&lt;p&gt;البنتونيت هو طين ممتص يحتوي أساسًا على مونتموريلونيت، وهو مركب فلسليكات ألومنيوم امتصاصي. تم تسمية أنواع مختلفة من البنتونيت باسم العنصر السائد نسبيًا، مثل البوتاسيوم (K)، والصوديوم (Na)، والكالسيوم (Ca)، والألومنيوم (Al).&lt;/p&gt;&#xA;&lt;h2 id=&#34;الاستخدامات&#34;&gt;الاستخدامات:&lt;/h2&gt;&#xA;&lt;ul&gt;&#xA;&lt;li&gt;حاجز للمياه الجوفية&lt;/li&gt;&#xA;&lt;li&gt;التطبيب&lt;/li&gt;&#xA;&lt;li&gt;جدران البنتونيت المعلق في البناء الحديث&lt;/li&gt;&#xA;&lt;li&gt;الفخار&lt;/li&gt;&#xA;&lt;li&gt;قناع الطين&lt;/li&gt;&#xA;&lt;li&gt;الأسمدة&lt;/li&gt;&#xA;&lt;li&gt;المواد المقاومة للماء&lt;/li&gt;&#xA;&lt;li&gt;صناعة الصهريجات&lt;/li&gt;&#xA;&lt;li&gt;وكيل ترابط&lt;/li&gt;&#xA;&lt;li&gt;مادة امتصاصية&lt;/li&gt;&#xA;&lt;li&gt;يستخدم في الصب&lt;/li&gt;&#xA;&lt;li&gt;السيراميك&lt;/li&gt;&#xA;&lt;li&gt;معجون الحفر&lt;/li&gt;&#xA;&lt;li&gt;حفر الزيت&lt;/li&gt;&#xA;&lt;li&gt;الإسمنت للبناء&lt;/li&gt;&#xA;&lt;li&gt;صناعة الكيماويات&lt;/li&gt;&#xA;&lt;li&gt;إنتاج الورق&lt;/li&gt;&#xA;&lt;li&gt;صناعة المطاط&lt;/li&gt;&#xA;&lt;li&gt;إنتاج الدهانات&lt;/li&gt;&#xA;&lt;li&gt;إنتاج الحبر&lt;/li&gt;&#xA;&lt;li&gt;استخدامات يومية كيميائية&lt;/li&gt;&#xA;&lt;li&gt;تطبيقات الطلاء&lt;/li&gt;&#xA;&lt;li&gt;صناعة النسيج&lt;/li&gt;&#xA;&lt;li&gt;إضافات لعلف الدواجن&lt;/li&gt;&#xA;&lt;li&gt;تربة حمام الحيوانات (للتعطير)&lt;/li&gt;&#xA;&lt;li&gt;الزراعة&lt;/li&gt;&#xA;&lt;li&gt;تحسين التربة&lt;/li&gt;&#xA;&lt;li&gt;إضافات التسميد&lt;/li&gt;&#xA;&lt;li&gt;اللصق&lt;/li&gt;&#xA;&lt;/ul&gt;</description>
    </item>
    <item>
      <title>تواصل معنا</title>
      <link>https://gmc-eg.com/ar/contact/</link>
      <pubDate>Mon, 01 Jan 0001 00:00:00 +0000</pubDate>
      <guid>https://gmc-eg.com/ar/contact/</guid>
      <description>&lt;!-- contact page layout --&gt;&#xD;&#xA;&lt;section class=&#34;relative contact-us&#34;&gt;&#xD;&#xA;&#x9;&lt;div class=&#34;z-10 relative&#34;&gt;&#xD;&#xA;&#x9;&#x9;&lt;h2&#xD;&#xA;&#x9;&#x9;&#x9;class=&#34;text-3xl text-gray-600 font-medium text-center w-fit mx-auto my-8 relative after:bg-amber-200 md:after:h-6 after:h-4 after:w-full after:inset-x-0 after:bottom-0 after:absolute after:-z-10&#34;&gt;&#xD;&#xA;&#x9;&#x9;&#x9;تواصل معنا&#xD;&#xA;&#x9;&#x9;&lt;/h2&gt;&#xD;&#xA;&#x9;&#x9;&lt;div class=&#34;grid md:grid-cols-2 gap-5 align-items-center&#34;&gt;&#xD;&#xA;&#x9;&#x9;&#x9;&lt;!-- contact information --&gt;&#xD;&#xA;&#x9;&#x9;&#x9;&lt;div class=&#34;flex flex-col gap-10 mt-10&#34;&gt;&#xD;&#xA;&#x9;&#x9;&#x9;&#x9;&lt;a style=&#34;text-decoration: none&#34; href=&#34;mailto:info@gmc-eg.com&#34;&gt;&#xD;&#xA;&#x9;&#x9;&#x9;&#x9;&#x9;&lt;div class=&#34;flex mb-3&#34; data-aos=&#34;fade-up&#34; data-aos-duration=&#34;500&#34;&gt;&#xD;&#xA;&#x9;&#x9;&#x9;&#x9;&#x9;&#x9;&lt;span&#xD;&#xA;&#x9;&#x9;&#x9;&#x9;&#x9;&#x9;&#x9;class=&#34;flex items-center justify-center w-12 h-12 bg-blue-500/60 rounded-lg relative me-4 shrink-0&#34;&gt;&#xD;&#xA;&#x9;&#x9;&#x9;&#x9;&#x9;&#x9;&#x9;&lt;i class=&#34;fa-solid fa-envelope&#34;&gt;&lt;/i&gt;&#xD;&#xA;&#x9;&#x9;&#x9;&#x9;&#x9;&#x9;&lt;/span&gt;&#xD;&#xA;&#x9;&#x9;&#x9;&#x9;&#x9;&#x9;&lt;div class=&#34;flex flex-col&#34;&gt;&#xD;&#xA;&#x9;&#x9;&#x9;&#x9;&#x9;&#x9;&#x9;&lt;h5 class=&#34;text-base text-gray-700&#34;&gt;البريد الإلكتروني&lt;/h5&gt;&#xD;&#xA;&#x9;&#x9;&#x9;&#x9;&#x9;&#x9;&#x9;&lt;span&gt;info@gmc-eg.com&lt;/span&gt;&#xD;&#xA;&#x9;&#x9;&#x9;&#x9;&#x9;&#x9;&#x9;&lt;span&gt;gmc.sadat@gmail.com&lt;/span&gt;&#xD;&#xA;&#x9;&#x9;&#x9;&#x9;&#x9;&#x9;&lt;/div&gt;&#xD;&#xA;&#x9;&#x9;&#x9;&#x9;&#x9;&lt;/div&gt;&#xD;&#xA;&#x9;&#x9;&#x9;&#x9;&lt;/a&gt;&#xD;&#xA;&#x9;&#x9;&#x9;&#x9;&lt;a style=&#34;text-decoration: none&#34; href=&#34;tel:+201017070928&#34;&gt;&#xD;&#xA;&#x9;&#x9;&#x9;&#x9;&#x9;&lt;div class=&#34;flex mb-3&#34; data-aos=&#34;fade-up&#34; data-aos-duration=&#34;700&#34;&gt;&#xD;&#xA;&#x9;&#x9;&#x9;&#x9;&#x9;&#x9;&lt;span&#xD;&#xA;&#x9;&#x9;&#x9;&#x9;&#x9;&#x9;&#x9;class=&#34;flex items-center justify-center w-12 h-12 bg-green-800/20 rounded-lg relative me-4 shrink-0&#34;&gt;&#xD;&#xA;&#x9;&#x9;&#x9;&#x9;&#x9;&#x9;&#x9;&lt;i class=&#34;fa-solid fa-phone&#34;&gt;&lt;/i&gt;&#xD;&#xA;&#x9;&#x9;&#x9;&#x9;&#x9;&#x9;&lt;/span&gt;&#xD;&#xA;&#x9;&#x9;&#x9;&#x9;&#x9;&#x9;&lt;div class=&#34;grow&#34;&gt;&#xD;&#xA;&#x9;&#x9;&#x9;&#x9;&#x9;&#x9;&#x9;&lt;h5 class=&#34;text-base&#34;&gt;المبيعات&lt;/h5&gt;&#xD;&#xA;&#x9;&#x9;&#x9;&#x9;&#x9;&#x9;&#x9;&lt;span&gt;201017070928+&lt;/span&gt;&#xD;&#xA;&#x9;&#x9;&#x9;&#x9;&#x9;&#x9;&lt;/div&gt;&#xD;&#xA;&#x9;&#x9;&#x9;&#x9;&#x9;&lt;/div&gt;&#xD;&#xA;&#x9;&#x9;&#x9;&#x9;&lt;/a&gt;&#xD;&#xA;&#x9;&#x9;&#x9;&#x9;&lt;a style=&#34;text-decoration: none&#34; href=&#34;tel:+201000679760&#34;&gt;&#xD;&#xA;&#x9;&#x9;&#x9;&#x9;&#x9;&lt;div class=&#34;flex mb-3&#34; data-aos=&#34;fade-up&#34; data-aos-duration=&#34;700&#34;&gt;&#xD;&#xA;&#x9;&#x9;&#x9;&#x9;&#x9;&#x9;&lt;span&#xD;&#xA;&#x9;&#x9;&#x9;&#x9;&#x9;&#x9;&#x9;class=&#34;flex items-center justify-center w-12 h-12 bg-orange-500/20 rounded-lg relative me-4 shrink-0&#34;&gt;&#xD;&#xA;&#x9;&#x9;&#x9;&#x9;&#x9;&#x9;&#x9;&lt;i class=&#34;fa-solid fa-phone&#34;&gt;&lt;/i&gt;&#xD;&#xA;&#x9;&#x9;&#x9;&#x9;&#x9;&#x9;&lt;/span&gt;&#xD;&#xA;&#x9;&#x9;&#x9;&#x9;&#x9;&#x9;&lt;div class=&#34;grow&#34;&gt;&#xD;&#xA;&#x9;&#x9;&#x9;&#x9;&#x9;&#x9;&#x9;&lt;h5 class=&#34;text-base&#34;&gt;الإدارة الرئيسية&lt;/h5&gt;&#xD;&#xA;&#x9;&#x9;&#x9;&#x9;&#x9;&#x9;&#x9;&lt;span&gt;201000679760+&lt;/span&gt;&#xD;&#xA;&#x9;&#x9;&#x9;&#x9;&#x9;&#x9;&lt;/div&gt;&#xD;&#xA;&#x9;&#x9;&#x9;&#x9;&#x9;&lt;/div&gt;&#xD;&#xA;&#x9;&#x9;&#x9;&#x9;&lt;/a&gt;&#xD;&#xA;&#x9;&#x9;&#x9;&#x9;&lt;a style=&#34;text-decoration: none&#34; href=&#34;tel:+201026229900&#34;&gt;&#xD;&#xA;&#x9;&#x9;&#x9;&#x9;&#x9;&lt;div class=&#34;flex mb-3&#34; data-aos=&#34;fade-up&#34; data-aos-duration=&#34;700&#34;&gt;&#xD;&#xA;&#x9;&#x9;&#x9;&#x9;&#x9;&#x9;&lt;span&#xD;&#xA;&#x9;&#x9;&#x9;&#x9;&#x9;&#x9;&#x9;class=&#34;flex items-center justify-center w-12 h-12 bg-yellow-800/40 rounded-lg relative me-4 shrink-0&#34;&gt;&#xD;&#xA;&#x9;&#x9;&#x9;&#x9;&#x9;&#x9;&#x9;&lt;i class=&#34;fa-solid fa-phone&#34;&gt;&lt;/i&gt;&#xD;&#xA;&#x9;&#x9;&#x9;&#x9;&#x9;&#x9;&lt;/span&gt;&#xD;&#xA;&#x9;&#x9;&#x9;&#x9;&#x9;&#x9;&lt;div class=&#34;grow&#34;&gt;&#xD;&#xA;&#x9;&#x9;&#x9;&#x9;&#x9;&#x9;&#x9;&lt;h5 class=&#34;text-base&#34;&gt;التصدير&lt;/h5&gt;&#xD;&#xA;&#x9;&#x9;&#x9;&#x9;&#x9;&#x9;&#x9;&lt;span&gt;201026229900+&lt;/span&gt;&#xD;&#xA;&#x9;&#x9;&#x9;&#x9;&#x9;&#x9;&lt;/div&gt;&#xD;&#xA;&#x9;&#x9;&#x9;&#x9;&#x9;&lt;/div&gt;&#xD;&#xA;&#x9;&#x9;&#x9;&#x9;&lt;/a&gt;&#xD;&#xA;&#x9;&#x9;&#x9;&#x9;&lt;a&#xD;&#xA;&#x9;&#x9;&#x9;&#x9;&#x9;style=&#34;text-decoration: none&#34;&#xD;&#xA;&#x9;&#x9;&#x9;&#x9;&#x9;href=&#34;https://goo.gl/maps/pFUu4icDpY5GWBVb6&#34;&#xD;&#xA;&#x9;&#x9;&#x9;&#x9;&#x9;target=&#34;_blank&#34;&#xD;&#xA;&#x9;&#x9;&#x9;&#x9;&#x9;rel=&#34;noopener noreferrer&#34;&gt;&#xD;&#xA;&#x9;&#x9;&#x9;&#x9;&#x9;&lt;div class=&#34;flex mb-3&#34; data-aos=&#34;fade-up&#34; data-aos-duration=&#34;900&#34;&gt;&#xD;&#xA;&#x9;&#x9;&#x9;&#x9;&#x9;&#x9;&lt;span&#xD;&#xA;&#x9;&#x9;&#x9;&#x9;&#x9;&#x9;&#x9;class=&#34;flex items-center justify-center w-12 h-12 bg-teal-500/20 rounded-lg relative me-4 shrink-0&#34;&gt;&#xD;&#xA;&#x9;&#x9;&#x9;&#x9;&#x9;&#x9;&#x9;&lt;i class=&#34;fa-solid fa-map-marker&#34;&gt;&lt;/i&gt;&#xD;&#xA;&#x9;&#x9;&#x9;&#x9;&#x9;&#x9;&lt;/span&gt;&#xD;&#xA;&#x9;&#x9;&#x9;&#x9;&#x9;&#x9;&lt;div class=&#34;grow&#34;&gt;&#xD;&#xA;&#x9;&#x9;&#x9;&#x9;&#x9;&#x9;&#x9;&lt;h5 class=&#34;text-base text-gray-700&#34;&gt;العنوان&lt;/h5&gt;&#xD;&#xA;&#x9;&#x9;&#x9;&#x9;&#x9;&#x9;&#x9;&lt;span&#xD;&#xA;&#x9;&#x9;&#x9;&#x9;&#x9;&#x9;&#x9;&#x9;&gt;مدينة السادات - امتداد المنطقة الصناعية الخامسة - شارع&#xD;&#xA;&#x9;&#x9;&#x9;&#x9;&#x9;&#x9;&#x9;&#x9;الإرسال&lt;/span&#xD;&#xA;&#x9;&#x9;&#x9;&#x9;&#x9;&#x9;&#x9;&gt;&#xD;&#xA;&#x9;&#x9;&#x9;&#x9;&#x9;&#x9;&lt;/div&gt;&#xD;&#xA;&#x9;&#x9;&#x9;&#x9;&#x9;&lt;/div&gt;&#xD;&#xA;&#x9;&#x9;&#x9;&#x9;&lt;/a&gt;&#xD;&#xA;&#x9;&#x9;&#x9;&lt;/div&gt;&#xD;&#xA;&#x9;&#x9;&#x9;&lt;!-- contact form --&gt;&#xD;&#xA;&#x9;&#x9;&#x9;&lt;div data-aos=&#34;flip-left&#34;&gt;&#xD;&#xA;&#x9;&#x9;&#x9;&#x9;&lt;div class=&#34;mb-6 relative bg-clip-border rounded-[0.1875rem]&#34;&gt;&#xD;&#xA;&#x9;&#x9;&#x9;&#x9;&#x9;&lt;form action=&#34;https://api.web3forms.com/submit&#34; method=&#34;POST&#34;&gt;&#xD;&#xA;&#x9;&#x9;&#x9;&#x9;&#x9;&#x9;&lt;input&#xD;&#xA;&#x9;&#x9;&#x9;&#x9;&#x9;&#x9;&#x9;type=&#34;hidden&#34;&#xD;&#xA;&#x9;&#x9;&#x9;&#x9;&#x9;&#x9;&#x9;name=&#34;access_key&#34;&#xD;&#xA;&#x9;&#x9;&#x9;&#x9;&#x9;&#x9;&#x9;value=&#34;3d5af27d-92b2-42ff-a076-e0de8060ee51&#34; /&gt;&#xD;&#xA;&#x9;&#x9;&#x9;&#x9;&#x9;&#x9;&lt;input&#xD;&#xA;&#x9;&#x9;&#x9;&#x9;&#x9;&#x9;&#x9;type=&#34;hidden&#34;&#xD;&#xA;&#x9;&#x9;&#x9;&#x9;&#x9;&#x9;&#x9;name=&#34;subject&#34;&#xD;&#xA;&#x9;&#x9;&#x9;&#x9;&#x9;&#x9;&#x9;value=&#34;New Submission from GMC website&#34; /&gt;&#xD;&#xA;&#x9;&#x9;&#x9;&#x9;&#x9;&#x9;&lt;input&#xD;&#xA;&#x9;&#x9;&#x9;&#x9;&#x9;&#x9;&#x9;type=&#34;hidden&#34;&#xD;&#xA;&#x9;&#x9;&#x9;&#x9;&#x9;&#x9;&#x9;name=&#34;redirect&#34;&#xD;&#xA;&#x9;&#x9;&#x9;&#x9;&#x9;&#x9;&#x9;value=&#34;https://web3forms.com/success&#34; /&gt;&#xD;&#xA;&#x9;&#x9;&#x9;&#x9;&#x9;&#x9;&lt;div&gt;&#xD;&#xA;&#x9;&#x9;&#x9;&#x9;&#x9;&#x9;&#x9;&lt;div class=&#34;mb-5&#34;&gt;&#xD;&#xA;&#x9;&#x9;&#x9;&#x9;&#x9;&#x9;&#x9;&#x9;&lt;label&#xD;&#xA;&#x9;&#x9;&#x9;&#x9;&#x9;&#x9;&#x9;&#x9;&#x9;for=&#34;first-name&#34;&#xD;&#xA;&#x9;&#x9;&#x9;&#x9;&#x9;&#x9;&#x9;&#x9;&#x9;class=&#34;block text-sm font-medium mb-1 text-gray-600&#34;&gt;&#xD;&#xA;&#x9;&#x9;&#x9;&#x9;&#x9;&#x9;&#x9;&#x9;&#x9;الاسم&#xD;&#xA;&#x9;&#x9;&#x9;&#x9;&#x9;&#x9;&#x9;&#x9;&#x9;&lt;span class=&#34;text-red-500&#34;&gt;*&lt;/span&gt;&lt;/label&#xD;&#xA;&#x9;&#x9;&#x9;&#x9;&#x9;&#x9;&#x9;&#x9;&gt;&#xD;&#xA;&#x9;&#x9;&#x9;&#x9;&#x9;&#x9;&#x9;&#x9;&lt;input&#xD;&#xA;&#x9;&#x9;&#x9;&#x9;&#x9;&#x9;&#x9;&#x9;&#x9;type=&#34;text&#34;&#xD;&#xA;&#x9;&#x9;&#x9;&#x9;&#x9;&#x9;&#x9;&#x9;&#x9;name=&#34;name&#34;&#xD;&#xA;&#x9;&#x9;&#x9;&#x9;&#x9;&#x9;&#x9;&#x9;&#x9;class=&#34;py-2 px-4 leading-6 block w-full border-gray-300 border rounded text-sm focus:border-gray-300 focus:ring-0&#34;&#xD;&#xA;&#x9;&#x9;&#x9;&#x9;&#x9;&#x9;&#x9;&#x9;&#x9;id=&#34;first-name&#34;&#xD;&#xA;&#x9;&#x9;&#x9;&#x9;&#x9;&#x9;&#x9;&#x9;&#x9;placeholder=&#34;اسمك&#34; /&gt;&#xD;&#xA;&#x9;&#x9;&#x9;&#x9;&#x9;&#x9;&#x9;&lt;/div&gt;&#xD;&#xA;&#x9;&#x9;&#x9;&#x9;&#x9;&#x9;&lt;/div&gt;&#xD;&#xA;&#x9;&#x9;&#x9;&#x9;&#x9;&#x9;&lt;div class=&#34;mb-5&#34;&gt;&#xD;&#xA;&#x9;&#x9;&#x9;&#x9;&#x9;&#x9;&#x9;&lt;label&#xD;&#xA;&#x9;&#x9;&#x9;&#x9;&#x9;&#x9;&#x9;&#x9;for=&#34;email&#34;&#xD;&#xA;&#x9;&#x9;&#x9;&#x9;&#x9;&#x9;&#x9;&#x9;class=&#34;block text-sm font-medium mb-1 text-gray-600&#34;&#xD;&#xA;&#x9;&#x9;&#x9;&#x9;&#x9;&#x9;&#x9;&#x9;&gt;البريد الإلكتروني &lt;span class=&#34;text-red-500&#34;&gt;*&lt;/span&gt;&lt;/label&#xD;&#xA;&#x9;&#x9;&#x9;&#x9;&#x9;&#x9;&#x9;&gt;&#xD;&#xA;&#x9;&#x9;&#x9;&#x9;&#x9;&#x9;&#x9;&lt;input&#xD;&#xA;&#x9;&#x9;&#x9;&#x9;&#x9;&#x9;&#x9;&#x9;type=&#34;email&#34;&#xD;&#xA;&#x9;&#x9;&#x9;&#x9;&#x9;&#x9;&#x9;&#x9;name=&#34;mail&#34;&#xD;&#xA;&#x9;&#x9;&#x9;&#x9;&#x9;&#x9;&#x9;&#x9;class=&#34;py-2 px-4 leading-6 block w-full border-gray-300 border rounded text-sm focus:border-gray-300 focus:ring-0&#34;&#xD;&#xA;&#x9;&#x9;&#x9;&#x9;&#x9;&#x9;&#x9;&#x9;id=&#34;email&#34;&#xD;&#xA;&#x9;&#x9;&#x9;&#x9;&#x9;&#x9;&#x9;&#x9;placeholder=&#34;بريدك الإلكتروني&#34; /&gt;&#xD;&#xA;&#x9;&#x9;&#x9;&#x9;&#x9;&#x9;&lt;/div&gt;&#xD;&#xA;&#x9;&#x9;&#x9;&#x9;&#x9;&#x9;&lt;div class=&#34;mb-5&#34;&gt;&#xD;&#xA;&#x9;&#x9;&#x9;&#x9;&#x9;&#x9;&#x9;&lt;label&#xD;&#xA;&#x9;&#x9;&#x9;&#x9;&#x9;&#x9;&#x9;&#x9;for=&#34;message&#34;&#xD;&#xA;&#x9;&#x9;&#x9;&#x9;&#x9;&#x9;&#x9;&#x9;class=&#34;block text-sm font-medium mb-1 text-gray-600&#34;&#xD;&#xA;&#x9;&#x9;&#x9;&#x9;&#x9;&#x9;&#x9;&#x9;&gt;الرسالة &lt;span class=&#34;text-red-500&#34;&gt;*&lt;/span&gt;&lt;/label&#xD;&#xA;&#x9;&#x9;&#x9;&#x9;&#x9;&#x9;&#x9;&gt;&#xD;&#xA;&#x9;&#x9;&#x9;&#x9;&#x9;&#x9;&#x9;&lt;textarea&#xD;&#xA;&#x9;&#x9;&#x9;&#x9;&#x9;&#x9;&#x9;&#x9;name=&#34;message&#34;&#xD;&#xA;&#x9;&#x9;&#x9;&#x9;&#x9;&#x9;&#x9;&#x9;class=&#34;py-2 px-4 leading-6 block w-full border-gray-300 border rounded text-sm focus:border-gray-300 focus:ring-0&#34;&#xD;&#xA;&#x9;&#x9;&#x9;&#x9;&#x9;&#x9;&#x9;&#x9;id=&#34;message&#34;&#xD;&#xA;&#x9;&#x9;&#x9;&#x9;&#x9;&#x9;&#x9;&#x9;rows=&#34;4&#34;&#xD;&#xA;&#x9;&#x9;&#x9;&#x9;&#x9;&#x9;&#x9;&#x9;placeholder=&#34;اكتب رسالتك...&#34;&gt;&lt;/textarea&gt;&#xD;&#xA;&#x9;&#x9;&#x9;&#x9;&#x9;&#x9;&lt;/div&gt;&#xD;&#xA;&#x9;&#x9;&#x9;&#x9;&#x9;&#x9;&lt;button&#xD;&#xA;&#x9;&#x9;&#x9;&#x9;&#x9;&#x9;&#x9;type=&#34;submit&#34;&#xD;&#xA;&#x9;&#x9;&#x9;&#x9;&#x9;&#x9;&#x9;class=&#34;inline-flex items-center text-sm bg-blue-500 text-white font-medium leading-6 text-center align-middle select-none py-2 px-4 rounded-md transition-all hover:shadow-lg hover:shadow-blue-400/60&#34;&gt;&#xD;&#xA;&#x9;&#x9;&#x9;&#x9;&#x9;&#x9;&#x9;إرسال&#xD;&#xA;&#x9;&#x9;&#x9;&#x9;&#x9;&#x9;&#x9;&lt;i class=&#34;fa-solid fa-paper-plane mx-2&#34;&gt;&lt;/i&gt;&#xD;&#xA;&#x9;&#x9;&#x9;&#x9;&#x9;&#x9;&lt;/button&gt;&#xD;&#xA;&#x9;&#x9;&#x9;&#x9;&#x9;&lt;/form&gt;&#xD;&#xA;&#x9;&#x9;&#x9;&#x9;&lt;/div&gt;&#xD;&#xA;&#x9;&#x9;&#x9;&lt;/div&gt;&#xD;&#xA;&#x9;&#x9;&lt;/div&gt;&#xD;&#xA;&#x9;&lt;/div&gt;&#xD;&#xA;&lt;/section&gt;</description>
    </item>
    <item>
      <title>من نحن</title>
      <link>https://gmc-eg.com/ar/about/</link>
      <pubDate>Mon, 01 Jan 0001 00:00:00 +0000</pubDate>
      <guid>https://gmc-eg.com/ar/about/</guid>
      <description>&lt;!-- content --&gt;&#xD;&#xA;&lt;h2 class=&#34;&#xD;&#xA;text-3xl text-gray-600 font-medium text-center w-fit mx-auto my-5 mt-[8rem]&#xD;&#xA;relative after:bg-amber-200 md:after:h-6 after:h-4 after:w-full after:inset-x-0 after:bottom-0 after:absolute after:-z-10&#34;&#xD;&#xA;    style=&#34;margin-top: 8rem;&#34;&gt;&#xD;&#xA;    من نحن&#xD;&#xA;&lt;/h2&gt;&#xD;&#xA;&#xD;&#xA;&lt;div class=&#34;grid gap-10 grid-cols-1 md:grid-cols-2 justify-items-center&#34;&gt;&#xD;&#xA;    &lt;div class=&#34;col-span-2 p-6 bg-white rounded-md shadow-md hover:shadow-xl transition-all duration-500 aos-init aos-animate&#34;&#xD;&#xA;        data-aos=&#34;fade-up&#34;&gt;&#xD;&#xA;        &lt;h2 class=&#34;text-2xl !m-0 font-bold border-b pb-2 flex items-center justify-between&#34;&gt;&#xD;&#xA;            بدايـة الطريق&#xD;&#xA;            &lt;i class=&#34;fa-solid fa-arrow-trend-up&#34;&gt;&lt;/i&gt;&#xD;&#xA;        &lt;/h2&gt;&#xD;&#xA;        &lt;h3&gt;&#xD;&#xA;            بدأنا رحلتنا مع التعدين في ثمانينات القرن الماضي بالتجارة في كربونات الكالسيوم وحصوة الزعفران وحصوة سيناء&#xD;&#xA;            وكسر الرخام الألابستر والأسيوطي ، وظلت الرحلة التجارية مع هذه الخامات التعدينية حتى أوائل القرن الحالي حيث&#xD;&#xA;            بدأنا في تجهيز خطوط الإنتـاج اللازمة لإنتاج بعض الخامات التعدينية ، فافتتحنا مصنع العالمية للتعدين في عام&#xD;&#xA;            ٢٠١٣ وبدأنا بأحدث خطوط الإنتاج حينها والتجهيزات اللازمة للتعبئة والشحن .&#xD;&#xA;        &lt;/h3&gt;&#xD;&#xA;        &lt;h3&gt;&#xD;&#xA;            وفي عام ٢٠١٧ ، ومن أجل تلبية متطلبات السوق والمعايير العالمية ، تم تركيب أكثر من خط إنتاج لنحصل على المنتجات&#xD;&#xA;            التعدينية بجميع المقاسات المطلوبة لكي نلبي متطلبات السوق في هذا المجال . &lt;/h3&gt;&#xD;&#xA;    &lt;/div&gt;&#xD;&#xA;    &lt;div class=&#34;col-span-2 grid gap-10 grid-cols-1 md:grid-cols-2 justify-items-center&#34;&gt;&#xD;&#xA;        &lt;div class=&#34;p-6 bg-white rounded-md shadow-md hover:shadow-xl transition-all duration-500 aos-init aos-animate&#34;&#xD;&#xA;            data-aos=&#34;fade-up&#34;&gt;&#xD;&#xA;            &lt;h2 class=&#34;text-2xl !m-0 font-bold border-b pb-2 flex items-center justify-between&#34;&gt;&#xD;&#xA;                رؤيتنا&#xD;&#xA;                &lt;i class=&#34;fa-solid fa-eye&#34;&gt;&lt;/i&gt;&#xD;&#xA;            &lt;/h2&gt;&#xD;&#xA;            &lt;h3&gt;&#xD;&#xA;                مؤسسة شاملة في مجال التعدين تتصدر قائمة أفضل 5 شركات منتجة ومصدرة في مصر ، وذلك بمشاركة 150موظف ، وب6&#xD;&#xA;                خطوط إنتاج بحلول عام 2025 .&#xD;&#xA;            &lt;/h3&gt;&#xD;&#xA;        &lt;/div&gt;&#xD;&#xA;        &lt;div class=&#34;p-6 bg-white rounded-md shadow-md hover:shadow-xl transition-all duration-500 aos-init aos-animate&#34;&#xD;&#xA;            data-aos=&#34;fade-up&#34;&gt;&#xD;&#xA;            &lt;h2 class=&#34;text-2xl !m-0 font-bold border-b pb-2 flex items-center justify-between&#34;&gt;&#xD;&#xA;                رسالتنا&#xD;&#xA;                &lt;i class=&#34;fa-solid fa-comments&#34;&gt;&lt;/i&gt;&#xD;&#xA;            &lt;/h2&gt;&#xD;&#xA;            &lt;h3&gt;&#xD;&#xA;                أعلى جودة في إنتاج وتوريد المنتجات التعدينية لتلبية متطلبات السوق المحلي والعالمي بأعلى مستوى من&#xD;&#xA;                الإحترافية والإلتزام .&#xD;&#xA;            &lt;/h3&gt;&#xD;&#xA;        &lt;/div&gt;&#xD;&#xA;    &lt;/div&gt;&#xD;&#xA;&lt;/div&gt;&#xD;&#xA;&#xD;&#xA;&lt;h2&#xD;&#xA;    class=&#34;&#xD;&#xA;text-3xl text-gray-600 font-medium text-center w-fit mx-auto&#xD;&#xA;relative after:bg-amber-200 md:after:h-6 after:h-4 after:w-full after:inset-x-0 after:bottom-0 after:absolute after:-z-10&#34;&gt;&#xD;&#xA;    قيمنا&#xD;&#xA;&lt;/h2&gt;&#xD;&#xA;&#xD;&#xA;&lt;div class=&#34;grid grid-cols-1 sm:grid-cols-2 md:grid-cols-3 lg:grid-cols-4 gap-5 py-5&#34;&gt;&#xD;&#xA;    &lt;div class=&#34;card flex flex-col gap-3 items-center justify-center shadow-lg rounded-lg p-4 bg-white aos-init aos-animate&#34;&#xD;&#xA;        data-aos=&#34;fade-up&#34; data-aos-duration=&#34;300&#34;&gt;&#xD;&#xA;        &lt;i class=&#34;fa-brands fa-phoenix-framework text-7xl&#34;&gt;&lt;/i&gt;&#xD;&#xA;        &lt;p class=&#34;font-bold text-xl&#34;&gt;التطور المستمر&lt;/p&gt;</description>
    </item>
  </channel>
</rss>
