<?xml version="1.0" encoding="utf-8" standalone="yes"?>
<rss version="2.0" xmlns:atom="http://www.w3.org/2005/Atom">
  <channel>
    <title>Tags on شركة العالمية للتعدين | GMC</title>
    <link>https://gmc-eg.com/ar/tags/</link>
    <description>Recent content in Tags on شركة العالمية للتعدين | GMC</description>
    <generator>Hugo</generator>
    <language>ar</language>
    <atom:link href="https://gmc-eg.com/ar/tags/index.xml" rel="self" type="application/rss+xml" />
  </channel>
</rss>
