<?xml version="1.0" encoding="utf-8" standalone="yes"?>
<rss version="2.0" xmlns:atom="http://www.w3.org/2005/Atom">
  <channel>
    <title>منتجاتنا on شركة العالمية للتعدين | GMC</title>
    <link>https://gmc-eg.com/ar/products/</link>
    <description>Recent content in منتجاتنا on شركة العالمية للتعدين | GMC</description>
    <generator>Hugo</generator>
    <language>ar</language>
    <atom:link href="https://gmc-eg.com/ar/products/index.xml" rel="self" type="application/rss+xml" />
    <item>
      <title>كربونات كالسيوم</title>
      <link>https://gmc-eg.com/ar/products/calcium-carbonate-natural/</link>
      <pubDate>Mon, 01 Jan 0001 00:00:00 +0000</pubDate>
      <guid>https://gmc-eg.com/ar/products/calcium-carbonate-natural/</guid>
      <description>&lt;h1 id=&#34;كربونات-الكالسيوم-الطبيعي-&#34;&gt;كربونات الكالسيوم الطبيعي :&lt;/h1&gt;&#xA;&lt;h2 id=&#34;هـي-مـادة-طبيعية-بيضاء-بياض-عـالي-النقاء--منتقـاه-من-أجود-أنواع-الحجر-الجيري-والـرخام--ويتـم-إنتاجها-بدرجات-نعومه-ومقاسات-مختلفة&#34;&gt;هـي مـادة طبيعية بيضاء بياض عـالي النقاء ، منتقـاه من أجود أنواع الحجر الجيري والـرخام ، ويتـم إنتاجها بدرجات نعومه ومقاسات مختلفة&lt;/h2&gt;&#xA;&lt;h3 id=&#34;ومتنوعة-إبتداء-من-5-ميكرون-إلى-10-سم-حسب-طلب-العميل--ويتم-تعبئتها-في-عبوات-متنوعة-وأشكال-مختلفة-منها--أكياس-بلاستيكية-معزولة-بطبقة-خارجية-تمنع-تسريب-الماء-وأكياس-بلاستيكية-منسوجة-وأكياس-ورقية-25-كيلو-جرام--وعبوات-جامبو-كبيرة-1000---1500-كجم--كما-أنه-متاح-لدينا-تعبئتها-مباشرة-في-شاحنات-سايلو-أو-بالكرات-حسب-طلب-العميل&#34;&gt;ومتنوعة إبتداء من 5 ميكرون إلى 10 سم حسب طلب العميل ، ويتم تعبئتها في عبوات متنوعة وأشكال مختلفة منها : أكياس بلاستيكية معزولة بطبقة خارجية تمنع تسريب الماء وأكياس بلاستيكية منسوجة وأكياس ورقية 25 كيلو جرام ، وعبوات جامبو كبيرة 1000 - 1500 كجم ، كما أنه متاح لدينا تعبئتها مباشرة في شاحنات سايلو أو بالكرات حسب طلب العميل&lt;/h3&gt;&#xA;&lt;h3 id=&#34;تدخل-كربونات-الكالسيوم-في-صناعات-عديدة-كمادة-مالئه-وغيرها-&#34;&gt;تدخل كربونات الكالسيوم في صناعات عديدة كمادة مالئه وغيرها :&lt;/h3&gt;&#xA;&lt;ul&gt;&#xA;&lt;li&gt;الدهانات بأنواعها الداخلية والخارجية - العوازل - المواد اللاصقة والغراء&lt;/li&gt;&#xA;&lt;li&gt;جميع منتجات البلاستيك مثل : الكابلات - صناعات البي في سي بجميع أنواعها&lt;/li&gt;&#xA;&lt;li&gt;صناعة الأسمدة والأعلاف&lt;/li&gt;&#xA;&lt;li&gt;صناعة المطاط&lt;/li&gt;&#xA;&lt;li&gt;الصناعات الزجاجية&lt;/li&gt;&#xA;&lt;li&gt;صناعة السيراميك&lt;/li&gt;&#xA;&lt;li&gt;الصناعات الغذائية والدوائية&lt;/li&gt;&#xA;&lt;/ul&gt;</description>
    </item>
    <item>
      <title> كربونات الكالسيوم المعالجة</title>
      <link>https://gmc-eg.com/ar/products/calcium-carbonate-coated/</link>
      <pubDate>Mon, 01 Jan 0001 00:00:00 +0000</pubDate>
      <guid>https://gmc-eg.com/ar/products/calcium-carbonate-coated/</guid>
      <description>&lt;h1 id=&#34;كربونات-الكالسيوم-المعالجة&#34;&gt;كربونات الكالسيوم المعالجة:&lt;/h1&gt;&#xA;&lt;h2 id=&#34;تم-إنتاجه-عن-طريق-معالجة-كربونات-الكالسيوم-المتبلورة-الدقيقة-الطبيعية-ثم-تم-معالجتها-بمادة-تجعلها-غير-قابلة-للذوبان-في-الماء-من-خلال-مزج-ترسيبات-الطباشير-المحددة-عالية-النقاء-ينتج-منتج-أبيض-وناعم-للغاية-يتميز-بسطوع-استثنائي-ونعومة-الطحن-وامتصاص-الزيت-المنخفض-والتكلفة&#34;&gt;تم إنتاجه عن طريق معالجة كربونات الكالسيوم المتبلورة الدقيقة الطبيعية، ثم تم معالجتها بمادة تجعلها غير قابلة للذوبان في الماء. من خلال مزج ترسيبات الطباشير المحددة عالية النقاء ينتج منتج أبيض وناعم للغاية. يتميز بسطوع استثنائي، ونعومة الطحن، وامتصاص الزيت المنخفض والتكلفة.&lt;/h2&gt;&#xA;&lt;h3 id=&#34;يستخدم-كربونات-الكالسيوم-المعالجة-في-مجموعة-متنوعة-من-الصناعات&#34;&gt;يُستخدم كربونات الكالسيوم المعالجة في مجموعة متنوعة من الصناعات:&lt;/h3&gt;&#xA;&lt;ul&gt;&#xA;&lt;li&gt;البلاستيك.&lt;/li&gt;&#xA;&lt;li&gt;أنابيب PVC.&lt;/li&gt;&#xA;&lt;li&gt;الطلاء.&lt;/li&gt;&#xA;&lt;li&gt;الحقيبة المنسوجة.&lt;/li&gt;&#xA;&lt;li&gt;الورق.&lt;/li&gt;&#xA;&lt;li&gt;المطاط&lt;/li&gt;&#xA;&lt;/ul&gt;</description>
    </item>
    <item>
      <title>الكاولين</title>
      <link>https://gmc-eg.com/ar/products/kaolin/</link>
      <pubDate>Mon, 01 Jan 0001 00:00:00 +0000</pubDate>
      <guid>https://gmc-eg.com/ar/products/kaolin/</guid>
      <description>&lt;h1 id=&#34;الكاولين-المادة-المعدنية-المتعددة-الاستخدامات&#34;&gt;الكاولين: المادة المعدنية المتعددة الاستخدامات&lt;/h1&gt;&#xA;&lt;p&gt;الكاولين هو معدن رمادي أو أبيض اللون ينتمي إلى مجموعة المعادن الطينية. وهو عبارة عن خام يتكون أساسًا من معدن الكاولينيت، ويوجد في العديد من الدول حول العالم بكميات كبيرة، مثل الصين والولايات المتحدة والبرازيل وروسيا وغيرها. يستخدم الكاولين في مجموعة متنوعة من الصناعات بسبب خصائصه الفريدة وقدرته على التكيف مع العديد من التطبيقات.&lt;/p&gt;&#xA;&lt;h2 id=&#34;الخصائص-والاستخدامات&#34;&gt;الخصائص والاستخدامات&lt;/h2&gt;&#xA;&lt;h3 id=&#34;1-الخصائص-الفيزيائية-والكيميائية&#34;&gt;1. الخصائص الفيزيائية والكيميائية&lt;/h3&gt;&#xA;&lt;ul&gt;&#xA;&lt;li&gt;الكاولين لديه بنية ناعمة ولينة، ويمتاز بأنه غير قابل للذوبان في الماء.&lt;/li&gt;&#xA;&lt;li&gt;يتميز باللون الأبيض النقي، مما يجعله مادة مثالية للاستخدامات التي تتطلب لونًا أبيضًا نقيًا.&lt;/li&gt;&#xA;&lt;li&gt;لديه قدرة عالية على امتصاص الماء، مما يجعله مادة ممتازة للاستخدام في صناعة الورق والألوان ومستحضرات التجميل.&lt;/li&gt;&#xA;&lt;/ul&gt;&#xA;&lt;h3 id=&#34;2-الاستخدامات-في-الصناعات-المختلفة&#34;&gt;2. الاستخدامات في الصناعات المختلفة&lt;/h3&gt;&#xA;&lt;h4 id=&#34;أ-صناعة-الورق&#34;&gt;أ) صناعة الورق:&lt;/h4&gt;&#xA;&lt;p&gt;يستخدم الكاولين في صناعة الورق لزيادة سطوع وشفافية الورق وتحسين قدرته على استيعاب الحبر. كما يعمل الكاولين على تعزيز خصائص الورق مثل مقاومته للتمزق والتجعد، وبالتالي يساعد على تحسين جودة الورق النهائي.&lt;/p&gt;</description>
    </item>
    <item>
      <title>الجبس</title>
      <link>https://gmc-eg.com/ar/products/gypsum/</link>
      <pubDate>Mon, 01 Jan 0001 00:00:00 +0000</pubDate>
      <guid>https://gmc-eg.com/ar/products/gypsum/</guid>
      <description>&lt;h2 id=&#34;الوصف&#34;&gt;الوصف&lt;/h2&gt;&#xA;&lt;h3 id=&#34;الجبس-هو-معدن-كبريتاتي-ناعم-يتكون-من-كبريتات-الكالسيوم-الثنائي-المائي-بالصيغة-الكيميائية-caso42h2o-يتميز-بالخصائص-التالية&#34;&gt;الجبس هو معدن كبريتاتي ناعم يتكون من كبريتات الكالسيوم الثنائي المائي، بالصيغة الكيميائية CaSO4·2H2O. يتميز بالخصائص التالية:&lt;/h3&gt;&#xA;&lt;ul&gt;&#xA;&lt;li&gt;&lt;strong&gt;اللون :&lt;/strong&gt; يتراوح من عديم اللون إلى الأبيض؛ وقد يظهر أيضًا بألوان مثل الأصفر، والبني، والأزرق، والوردي، والبني الأحمر، أو الرمادي بسبب الشوائب.&lt;/li&gt;&#xA;&lt;li&gt;&lt;strong&gt;صلابة مقياس موس :&lt;/strong&gt; 1.5–2&lt;/li&gt;&#xA;&lt;li&gt;&lt;strong&gt;لمعان :&lt;/strong&gt; يتراوح بين زجاجي إلى حريري، لؤلؤي، أو شمعي.&lt;/li&gt;&#xA;&lt;li&gt;&lt;strong&gt;خط :&lt;/strong&gt; يترك خطًا أبيضًا عند الخدش.&lt;/li&gt;&#xA;&lt;li&gt;&lt;strong&gt;الكثافة النوعية :&lt;/strong&gt; تتراوح بين 2.31 و 2.33&lt;/li&gt;&#xA;&lt;li&gt;&lt;strong&gt;قابلية الانصهار :&lt;/strong&gt; ينصهر عند تصنيف 5 على مقياس الصلادة.&lt;/li&gt;&#xA;&lt;li&gt;&lt;strong&gt;قابلية الذوبانية :&lt;/strong&gt; يذوب بشكل معتدل في حمض الهيدروكلوريك المخفف والساخن (HCl).&lt;/li&gt;&#xA;&lt;/ul&gt;&#xA;&lt;p&gt;يُستخدم الجبس في مختلف الصناعات بسبب خصائصه وتركيبته المميزة.&lt;/p&gt;</description>
    </item>
    <item>
      <title>بنتونيت</title>
      <link>https://gmc-eg.com/ar/products/bentonite/</link>
      <pubDate>Mon, 01 Jan 0001 00:00:00 +0000</pubDate>
      <guid>https://gmc-eg.com/ar/products/bentonite/</guid>
      <description>&lt;h2 id=&#34;الوصف&#34;&gt;الوصف&lt;/h2&gt;&#xA;&lt;p&gt;البنتونيت هو طين ممتص يحتوي أساسًا على مونتموريلونيت، وهو مركب فلسليكات ألومنيوم امتصاصي. تم تسمية أنواع مختلفة من البنتونيت باسم العنصر السائد نسبيًا، مثل البوتاسيوم (K)، والصوديوم (Na)، والكالسيوم (Ca)، والألومنيوم (Al).&lt;/p&gt;&#xA;&lt;h2 id=&#34;الاستخدامات&#34;&gt;الاستخدامات:&lt;/h2&gt;&#xA;&lt;ul&gt;&#xA;&lt;li&gt;حاجز للمياه الجوفية&lt;/li&gt;&#xA;&lt;li&gt;التطبيب&lt;/li&gt;&#xA;&lt;li&gt;جدران البنتونيت المعلق في البناء الحديث&lt;/li&gt;&#xA;&lt;li&gt;الفخار&lt;/li&gt;&#xA;&lt;li&gt;قناع الطين&lt;/li&gt;&#xA;&lt;li&gt;الأسمدة&lt;/li&gt;&#xA;&lt;li&gt;المواد المقاومة للماء&lt;/li&gt;&#xA;&lt;li&gt;صناعة الصهريجات&lt;/li&gt;&#xA;&lt;li&gt;وكيل ترابط&lt;/li&gt;&#xA;&lt;li&gt;مادة امتصاصية&lt;/li&gt;&#xA;&lt;li&gt;يستخدم في الصب&lt;/li&gt;&#xA;&lt;li&gt;السيراميك&lt;/li&gt;&#xA;&lt;li&gt;معجون الحفر&lt;/li&gt;&#xA;&lt;li&gt;حفر الزيت&lt;/li&gt;&#xA;&lt;li&gt;الإسمنت للبناء&lt;/li&gt;&#xA;&lt;li&gt;صناعة الكيماويات&lt;/li&gt;&#xA;&lt;li&gt;إنتاج الورق&lt;/li&gt;&#xA;&lt;li&gt;صناعة المطاط&lt;/li&gt;&#xA;&lt;li&gt;إنتاج الدهانات&lt;/li&gt;&#xA;&lt;li&gt;إنتاج الحبر&lt;/li&gt;&#xA;&lt;li&gt;استخدامات يومية كيميائية&lt;/li&gt;&#xA;&lt;li&gt;تطبيقات الطلاء&lt;/li&gt;&#xA;&lt;li&gt;صناعة النسيج&lt;/li&gt;&#xA;&lt;li&gt;إضافات لعلف الدواجن&lt;/li&gt;&#xA;&lt;li&gt;تربة حمام الحيوانات (للتعطير)&lt;/li&gt;&#xA;&lt;li&gt;الزراعة&lt;/li&gt;&#xA;&lt;li&gt;تحسين التربة&lt;/li&gt;&#xA;&lt;li&gt;إضافات التسميد&lt;/li&gt;&#xA;&lt;li&gt;اللصق&lt;/li&gt;&#xA;&lt;/ul&gt;</description>
    </item>
  </channel>
</rss>
